asOfDate,scenarioIdentifier,portfolioIdentifier,instrumentIdentifier,incurredLossRateAnnualized
2016-05-30,0,Loss Rate Case 01,101,0.2
2016-05-30,Loss Rate Case 0,Loss Rate Case 01,101,0.4
2016-05-30,Loss Rate Case 1,Loss Rate Case 01,101,0.6
2016-05-30,0,Loss Rate Case 01,102,0.2
2016-05-30,Loss Rate Case 0,Loss Rate Case 01,102,0.4
2016-05-30,Loss Rate Case 1,Loss Rate Case 01,102,0.6
2016-05-30,0,Loss Rate Case 01,103,0.2
2016-05-30,Loss Rate Case 0,Loss Rate Case 01,103,0.4
2016-05-30,Loss Rate Case 1,Loss Rate Case 01,103,0.6
2016-05-30,0,Loss Rate Case 01,104,0.2
2016-05-30,Loss Rate Case 0,Loss Rate Case 01,104,0.4
2016-05-30,Loss Rate Case 1,Loss Rate Case 01,104,0.6
2016-05-30,0,Loss Rate Case 01,105,0.2
2016-05-30,Loss Rate Case 0,Loss Rate Case 01,105,0.4
2016-05-30,Loss Rate Case 1,Loss Rate Case 01,105,0.6
2016-05-30,0,Loss Rate Case 01,107,0.2
2016-05-30,Loss Rate Case 0,Loss Rate Case 01,107,0.4
2016-05-30,Loss Rate Case 1,Loss Rate Case 01,107,0.6
2016-05-30,0,Loss Rate Case 01,108,0.2
2016-05-30,Loss Rate Case 0,Loss Rate Case 01,108,0.4
2016-05-30,Loss Rate Case 1,Loss Rate Case 01,108,0.6
2016-05-30,0,Loss Rate Case 01,109,0.2
2016-05-30,Loss Rate Case 0,Loss Rate Case 01,109,0.4
2016-05-30,Loss Rate Case 1,Loss Rate Case 01,109,0.6
2016-05-30,0,Loss Rate Case 01,110,0.2
2016-05-30,Loss Rate Case 0,Loss Rate Case 01,110,0.4
2016-05-30,Loss Rate Case 1,Loss Rate Case 01,110,0.6
2016-05-30,0,Loss Rate Case 01,112,0.2
2016-05-30,Loss Rate Case 0,Loss Rate Case 01,112,0.4
2016-05-30,Loss Rate Case 1,Loss Rate Case 01,112,0.6
2016-05-30,0,Loss Rate Case 01,113,0.2
2016-05-30,Loss Rate Case 0,Loss Rate Case 01,113,0.4
2016-05-30,Loss Rate Case 1,Loss Rate Case 01,113,0.6
2016-05-30,0,Loss Rate Case 01,114,0.2
2016-05-30,Loss Rate Case 0,Loss Rate Case 01,114,0.4
2016-05-30,Loss Rate Case 1,Loss Rate Case 01,114,0.6
2016-05-30,0,Loss Rate Case 01,115,0.2
2016-05-30,0,Loss Rate Case 01,116,0.2
2016-05-30,0,Loss Rate Case 01,117,0.2
2016-05-30,0,Loss Rate Case 01,118,0.2
2016-05-30,0,Loss Rate Case 01,119,0.2
2016-05-30,0,Loss Rate Case 01,120,0.2
2016-05-30,0,Loss Rate Case 01,121,0.2
2016-05-30,0,Loss Rate Case 01,122,0.2
2016-05-30,0,Loss Rate Case 01,123,0.2
2016-05-30,0,Loss Rate Case 01,124,0.2
2016-05-30,0,Loss Rate Case 01,125,0.2
2016-05-30,0,Loss Rate Case 01,126,0.2
2016-05-30,0,Loss Rate Case 01,127,0.2
2016-05-30,0,Loss Rate Case 01,128,0.2
2016-05-30,0,Loss Rate Case 01,129,0.2
2016-05-30,0,Loss Rate Case 01,130,0.2
2016-05-30,0,Loss Rate Case 01,131,0.2
2016-05-30,0,Loss Rate Case 01,132,0.2
2016-05-30,0,Loss Rate Case 01,133,0.2
2016-05-30,0,Loss Rate Case 01,134,0.2
2016-05-30,0,Loss Rate Case 01,135,0.2
2016-05-30,0,Loss Rate Case 01,136,0.2
2016-05-30,0,Loss Rate Case 01,137,0.2
2016-05-30,0,Loss Rate Case 01,138,0.2
2016-05-30,0,Loss Rate Case 01,139,0.2
2016-05-30,0,Loss Rate Case 01,140,0.2
2016-05-30,0,Loss Rate Case 01,141,0.2
2016-05-30,0,Loss Rate Case 01,142,0.2
2016-05-30,0,Loss Rate Case 01,143,0.2
2016-05-30,0,Loss Rate Case 01,144,0.2
2016-05-30,0,Loss Rate Case 01,145,0.2
2016-05-30,0,Loss Rate Case 01,146,0.2
2016-05-30,0,Loss Rate Case 01,147,0.2
2016-05-30,0,Loss Rate Case 01,148,0.2
2016-05-30,0,Loss Rate Case 01,149,0.2
2016-05-30,0,Loss Rate Case 01,150,0.2
2016-05-30,0,Loss Rate Case 01,151,0.2
2016-05-30,0,Loss Rate Case 01,152,0.2
2016-05-30,0,Loss Rate Case 01,153,0.2
2016-05-30,0,Loss Rate Case 01,154,0.2
2016-05-30,0,Loss Rate Case 01,155,0.2
2016-05-30,0,Loss Rate Case 01,156,0.2
2016-05-30,0,Loss Rate Case 01,157,0.2
2016-05-30,0,Loss Rate Case 01,158,0.2
2016-05-30,0,Loss Rate Case 01,159,0.2
2016-05-30,0,Loss Rate Case 01,160,0.2
2016-05-30,0,Loss Rate Case 01,161,0.2
