instrumentIdentifier,instrumentType,description,company,instrumentSubType,revolving,unconditionallyCancellable,cumulativeDrawnAmount,currentCommitmentAmount,originalNotionalAmount,unpaidPrincipalBalance,undrawnCommitmentAmount,amortizedCostOverride,effectiveInterestRateInitial,useImportedCashFlow,longRunLossRateTerm,longRunLossRate,lossIdentificationPeriod,lossRateOneYear,lossRateCumulativeLifetime,asOfDate,portfolioIdentifier,maturityDate,ugd,ccf,amortizationType,interestRateType,fixedRate,interestPaymentFrequency,ascImpairmentEvaluation,instrumentCurrency
105,Line of Credit,AB + CCF,Annualized Loss Rate,,TRUE,TRUE,1500,10000,,1000,,1100,0.06,FALSE,,,2,0.05,,2016-05-30,Loss Rate Case 01,2021-09-30,,,,,,,Collectively Evaluated,USD
111,Line of Credit,AB + CCF,Annualized Loss Rate,,,,500,10000,,0,9999,0,0.06,FALSE,,,2,0.05,,2016-05-30,Loss Rate Case 01,2021-09-30,,0.3,,,,,Collectively Evaluated,USD
113,Line of Credit,AB + CCF,Lifetime Loss Rate,,TRUE,TRUE,,10000,9000,1000,,1100,0.06,FALSE,,,,,0.4,2016-05-30,Loss Rate Case 01,2021-09-30,,0.3,,,,,Individually Evaluated,USD
119,Line of Credit,AB + CCF,Lifetime Loss Rate,,TRUE,,,10000,9000,0,9999,0,0.06,FALSE,,,,,0.4,2016-05-30,Loss Rate Case 01,2021-09-30,,0.3,,,,,Individually Evaluated,USD
121,Line of Credit,AB + CCF,Loss Rate Curve,,TRUE,TRUE,,,9000,1000,,1100,0.06,FALSE,10,0.1,3,,,2016-05-30,Loss Rate Case 01,2021-09-30,,0.3,,,,,Collectively Evaluated,USD
127,Line of Credit,AB + CCF,Loss Rate Curve,,TRUE,,,,9000,0,9999,0,0.06,FALSE,10,0.1,3,,,2016-05-30,Loss Rate Case 01,2021-09-30,,0.3,,,,,Collectively Evaluated,USD
145,Line of Credit,AB + CCF,Loss Rate Curve,,TRUE,TRUE,,,9000,1000,,1100,0.06,FALSE,10,0.1,3,,,2016-05-30,Loss Rate Case 01,2021-09-30,,0.3,,,,,Individually Evaluated,USD
151,Line of Credit,AB + CCF,Loss Rate Curve,,TRUE,,,9000,,10000,0,11000,0.06,FALSE,10,0.1,3,,,2016-05-30,Loss Rate Case 01,2021-09-30,,0.3,,,,,Individually Evaluated,USD
107,Line of Credit,AB + Instrument CCF,Annualized Loss Rate,,TRUE,,,10000,9000,0,,0,0.06,FALSE,,,,0.05,,2016-05-30,Loss Rate Case 01,2021-09-30,,0.3,,,,,Collectively Evaluated,USD
109,Line of Credit,AB + Instrument CCF,Annualized Loss Rate,,TRUE,TRUE,,,9000,1000,8001,1100,0.06,FALSE,,,3,0.05,,2016-05-30,Loss Rate Case 01,2021-09-30,,0.3,,,,,Collectively Evaluated,USD
115,Line of Credit,AB + Instrument CCF,Lifetime Loss Rate,,TRUE,,,,9000,0,,0,0.06,FALSE,,,3,,0.4,2016-05-30,Loss Rate Case 01,2021-09-30,,0.3,,,,,Individually Evaluated,USD
117,Line of Credit,AB + Instrument CCF,Lifetime Loss Rate,,TRUE,TRUE,,10000,,1000,8001,1100,0.06,FALSE,,,2,,0.4,2016-05-30,Loss Rate Case 01,2021-09-30,,0.3,,,,,Individually Evaluated,USD
133,Line of Credit,AB + Instrument CCF,Loss Rate Curve,,TRUE,TRUE,,,9000,1000,8001,1100,0.06,FALSE,10,0.1,3,,,2016-05-30,Loss Rate Case 01,2021-09-30,,0.3,,,,,Individually Evaluated,USD
139,Line of Credit,AB + Instrument CCF,Loss Rate Curve,,TRUE,,,,9000,0,,0,0.06,FALSE,10,0.1,3,,,2016-05-30,Loss Rate Case 01,2021-09-30,,0.3,,,,,Collectively Evaluated,USD
157,Line of Credit,AB + Instrument CCF,Loss Rate Curve,,TRUE,TRUE,,,10000,1000,8000,1100,0.06,FALSE,10,0.1,3,,,2016-05-30,Loss Rate Case 01,2021-09-30,,0.3,,,,,Collectively Evaluated,USD
108,Line of Credit,AB + Instrument UGD,Annualized Loss Rate,,,,,10000,,,10000,0,0.06,FALSE,,,2,0.05,,2016-05-30,Loss Rate Case 01,2021-09-30,0.8,,,,,,Collectively Evaluated,USD
110,Line of Credit,AB + Instrument UGD,Annualized Loss Rate,,,,7000,10000,9000,8000,2001,7100,0.06,FALSE,,,,0.05,,2016-05-30,Loss Rate Case 01,2021-09-30,0.8,,,,,,Collectively Evaluated,USD
116,Line of Credit,AB + Instrument UGD,Lifetime Loss Rate,,,,,10000,9000,,10000,0,0.06,FALSE,,,,,0.4,2016-05-30,Loss Rate Case 01,2021-09-30,0.8,,,,,,Individually Evaluated,USD
118,Line of Credit,AB + Instrument UGD,Lifetime Loss Rate,,,TRUE,,,9000,8000,2001,7100,0.06,FALSE,,,3,,0.4,2016-05-30,Loss Rate Case 01,2021-09-30,0.8,,,,,,Individually Evaluated,USD
124,Line of Credit,AB + Instrument UGD,Loss Rate Curve,,,,,,9000,,10000,0,0.06,FALSE,10,0.1,3,,,2016-05-30,Loss Rate Case 01,2021-09-30,0.8,,,,,,Collectively Evaluated,USD
142,Line of Credit,AB + Instrument UGD,Loss Rate Curve,,,TRUE,,,9000,8000,2001,7100,0.06,FALSE,10,0.1,3,,,2016-05-30,Loss Rate Case 01,2021-09-30,0.8,,,,,,Collectively Evaluated,USD
122,Line of Credit,CF + UGD,Loss Rate Curve,,FALSE,TRUE,,10000,9000,,2000,7100,0.06,TRUE,10,0.1,,,,2016-05-30,Loss Rate Case 01,2021-09-30,0.8,,,,,,Collectively Evaluated,USD
123,Line of Credit,EAD + Instrument CCF,Loss Rate Curve,,TRUE,FALSE,,10000,,0,,0,0.06,FALSE,10,0.1,2,,,2016-05-30,Loss Rate Case 01,2021-09-30,,0.3,,,,,Collectively Evaluated,USD
148,Line of Credit,AB + Instrument UGD,Loss Rate Curve,,,,,9000,,,9000,0,0.06,FALSE,10,0.1,3,,,2016-05-30,Loss Rate Case 01,2021-09-30,0.8,,,,,,Individually Evaluated,USD
125,Line of Credit,CF + Instrument CCF,Loss Rate Curve,,TRUE,,,10000,9000,1000,8001,1100,0.06,TRUE,10,0.1,,,,2016-05-30,Loss Rate Case 01,2021-09-30,,0.3,,,,,Collectively Evaluated,USD
126,Line of Credit,EAD + Instrument UGD,Loss Rate Curve,,,TRUE,,10000,,8000,2001,7100,0.06,FALSE,10,0.1,2,,,2016-05-30,Loss Rate Case 01,2021-09-30,0.8,,,,,,Collectively Evaluated,USD
106,Line of Credit,AB + UGD,Annualized Loss Rate,,,TRUE,8000,,9000,,2000,7100,0.06,FALSE,,,3,0.05,,2016-05-30,Loss Rate Case 01,2021-09-30,0.8,,,,,,Collectively Evaluated,USD
128,Line of Credit,CF + UGD,Loss Rate Curve,,,,,10000,9000,,10000,0,0.06,TRUE,10,0.1,,,,2016-05-30,Loss Rate Case 01,2021-09-30,0.8,,,,,,Collectively Evaluated,USD
129,Line of Credit,EAD + CCF,Loss Rate Curve,,TRUE,TRUE,,10000,,1000,,1100,0.06,FALSE,10,0.1,2,,,2016-05-30,Loss Rate Case 01,2021-09-30,,0.3,,,,,Individually Evaluated,USD
112,Line of Credit,AB + UGD,Annualized Loss Rate,,,,,,9000,,10000,0,0.06,FALSE,,,3,0.05,,2016-05-30,Loss Rate Case 01,2021-09-30,0.8,,,,,,Collectively Evaluated,USD
131,Line of Credit,CF + Instrument CCF,Loss Rate Curve,,TRUE,,,10000,9000,0,,0,0.06,TRUE,10,0.1,,,,2016-05-30,Loss Rate Case 01,2021-09-30,,0.3,,,,,Individually Evaluated,USD
132,Line of Credit,EAD + Instrument UGD,Loss Rate Curve,,,,,10000,,,10000,0,0.06,FALSE,10,0.1,2,,,2016-05-30,Loss Rate Case 01,2021-09-30,0.8,,,,,,Individually Evaluated,USD
114,Line of Credit,AB + UGD,Lifetime Loss Rate,,,,,10000,,,2000,7100,0.06,FALSE,,,2,,0.4,2016-05-30,Loss Rate Case 01,2021-09-30,0.8,,,,,,Individually Evaluated,USD
134,Line of Credit,CF + Instrument UGD,Loss Rate Curve,,,TRUE,,10000,9000,8000,2001,7100,0.06,TRUE,10,0.1,,,,2016-05-30,Loss Rate Case 01,2021-09-30,0.8,,,,,,Individually Evaluated,USD
135,Line of Credit,EAD + CCF,Loss Rate Curve,,TRUE,,,10000,,0,9999,0,0.06,FALSE,10,0.1,2,,,2016-05-30,Loss Rate Case 01,2021-09-30,,0.3,,,,,Individually Evaluated,USD
120,Line of Credit,AB + UGD,Lifetime Loss Rate,,,,,10000,,,10000,0,0.06,FALSE,,,2,,0.4,2016-05-30,Loss Rate Case 01,2021-09-30,0.8,,,,,,Individually Evaluated,USD
137,Line of Credit,CF + CCF,Loss Rate Curve,,TRUE,TRUE,,10000,9000,1000,,1100,0.06,TRUE,10,0.1,,,,2016-05-30,Loss Rate Case 01,2021-09-30,,0.3,,,,,Collectively Evaluated,USD
138,Line of Credit,EAD + UGD,Loss Rate Curve,,,TRUE,,10000,,,2000,7100,0.06,FALSE,10,0.1,2,,,2016-05-30,Loss Rate Case 01,2021-09-30,0.8,,,,,,Collectively Evaluated,USD
130,Line of Credit,AB + UGD,Loss Rate Curve,,,TRUE,,,9000,,2000,7100,0.06,FALSE,10,0.1,3,,,2016-05-30,Loss Rate Case 01,2021-09-30,0.8,,,,,,Individually Evaluated,USD
140,Line of Credit,CF + Instrument UGD,Loss Rate Curve,,,,,10000,9000,,10000,0,0.06,TRUE,10,0.1,,,,2016-05-30,Loss Rate Case 01,2021-09-30,0.8,,,,,,Collectively Evaluated,USD
141,Line of Credit,EAD + Instrument CCF,Loss Rate Curve,,TRUE,TRUE,,10000,,1000,8001,1100,0.06,FALSE,10,0.1,2,,,2016-05-30,Loss Rate Case 01,2021-09-30,,0.3,,,,,Collectively Evaluated,USD
136,Line of Credit,AB + UGD,Loss Rate Curve,,,,,,9000,,10000,0,0.06,FALSE,10,0.1,3,,,2016-05-30,Loss Rate Case 01,2021-09-30,0.8,,,,,,Individually Evaluated,USD
143,Line of Credit,CF + CCF,Loss Rate Curve,,TRUE,,,10000,9000,0,9999,0,0.06,TRUE,10,0.1,,,,2016-05-30,Loss Rate Case 01,2021-09-30,,0.3,,,,,Collectively Evaluated,USD
144,Line of Credit,EAD + UGD,Loss Rate Curve,,,,,10000,,,10000,0,0.06,FALSE,10,0.1,2,,,2016-05-30,Loss Rate Case 01,2021-09-30,0.8,,,,,,Collectively Evaluated,USD
154,Line of Credit,AB + UGD,Loss Rate Curve,,,TRUE,,9000,10000,,8000,1100,0.06,FALSE,10,0.1,3,,,2016-05-30,Loss Rate Case 01,2021-09-30,0.8,,,,,,Collectively Evaluated,USD
146,Line of Credit,CF + UGD,Loss Rate Curve,,,TRUE,,9000,,,8000,1100,0.06,TRUE,10,0.1,,,,2016-05-30,Loss Rate Case 01,2021-09-30,0.8,,,,,,Individually Evaluated,USD
147,Line of Credit,EAD + Instrument CCF,Loss Rate Curve,,TRUE,,,9000,,1000,,1100,0.06,FALSE,10,0.1,2,,,2016-05-30,Loss Rate Case 01,2021-09-30,,0.3,,,,,Individually Evaluated,USD
160,Line of Credit,AB + UGD,Loss Rate Curve,,,,,9000,10000,1000,,1100,0.06,FALSE,10,0.1,3,,,2016-05-30,Loss Rate Case 01,2021-09-30,0.8,,,,,,Individually Evaluated,USD
149,Line of Credit,CF + Instrument CCF,Loss Rate Curve,,TRUE,TRUE,,9000,,,0,9100,0.06,TRUE,10,0.1,,,,2016-05-30,Loss Rate Case 01,2021-09-30,,0.3,,,,,Individually Evaluated,USD
150,Line of Credit,EAD + Instrument UGD,Loss Rate Curve,,,TRUE,,9000,,0,8000,1100,0.06,FALSE,10,0.1,2,,,2016-05-30,Loss Rate Case 01,2021-09-30,0.8,,,,,,Individually Evaluated,USD
101,Bond,,Annualized Loss Rate,,,,,,,,,10000,0.06,FALSE,,,,0.05,,2016-05-30,Loss Rate Case 01,2021-09-30,,,,,,,Collectively Evaluated,USD
152,Line of Credit,CF + UGD,Loss Rate Curve,,,,,9000,,,10000,0,0.06,TRUE,10,0.1,,,,2016-05-30,Loss Rate Case 01,2021-09-30,0.8,,,,,,Individually Evaluated,USD
153,Line of Credit,EAD + CCF,Loss Rate Curve,,TRUE,TRUE,,9000,,,-1000,9100,0.06,FALSE,10,0.1,2,,,2016-05-30,Loss Rate Case 01,2021-09-30,,0.3,,,,,Collectively Evaluated,USD
102,Loan,,Annualized Loss Rate,,,,,,,,,10000,0.06,FALSE,,,2,0.05,,2016-05-30,Loss Rate Case 01,2021-09-30,,,,,,,Collectively Evaluated,USD
155,Line of Credit,CF + Instrument CCF,Loss Rate Curve,,TRUE,,,9000,10000,1000,8000,1100,0.06,TRUE,10,0.1,,,,2016-05-30,Loss Rate Case 01,2021-09-30,,0.3,,,,,Collectively Evaluated,USD
156,Line of Credit,EAD + Instrument UGD,Loss Rate Curve,,,,,,10000,,8000,2100,0.06,FALSE,10,0.1,2,,,2016-05-30,Loss Rate Case 01,2021-09-30,0.8,,,,,,Collectively Evaluated,USD
103,Receivable,,Annualized Loss Rate,,,,,,,,,10000,0.06,FALSE,,,3,0.05,,2016-05-30,Loss Rate Case 01,2021-09-30,,,,,,,Collectively Evaluated,USD
158,Line of Credit,CF + Instrument UGD,Loss Rate Curve,,,TRUE,,,10000,1000,8000,1100,0.06,TRUE,10,0.1,,,,2016-05-30,Loss Rate Case 01,2021-09-30,0.8,,,,,,Individually Evaluated,USD
159,Line of Credit,EAD + CCF,Loss Rate Curve,,TRUE,,,,10000,0,8000,0,0.06,FALSE,10,0.1,2,,,2016-05-30,Loss Rate Case 01,2021-09-30,,0.3,,,,,Individually Evaluated,USD
104,Loan,,Annualized Loss Rate,Retail,,,,,,,,10000,0.06,FALSE,,,,0.05,,2016-05-30,Loss Rate Case 01,2021-09-30,,,,,,,Collectively Evaluated,USD
161,Line of Credit,CF + CCF,Loss Rate Curve,,TRUE,TRUE,,9000,10000,-1000,,0,0.06,TRUE,10,0.1,,,,2016-05-30,Loss Rate Case 01,2021-09-30,,0.3,,,,,Individually Evaluated,USD
162,Line of Credit,CF + Instrument UGD,Loss Rate Curve,,,TRUE,,9000,,,8000,1100,0.06,FALSE,10,0.1,,,,2016-05-30,Loss Rate Case 01,2021-09-30,0.8,,Bullet,Fixed,0.03,Bullet,Individually Evaluated,USD
163,Line of Credit,CF + Instrument CCF,Loss Rate Curve,,TRUE,,,9000,,1000,,1100,0.06,FALSE,10,0.1,2,,,2016-05-30,Loss Rate Case 01,2021-09-30,,0.3,Bullet,Fixed,0.03,Bullet,Individually Evaluated,USD
164,Line of Credit,CF + Instrument UGD,Loss Rate Curve,,,,,9000,,,9000,0,0.06,FALSE,10,0.1,3,,,2016-05-30,Loss Rate Case 01,2021-09-30,0.8,,Bullet,Fixed,0.03,Bullet,Individually Evaluated,USD
165,Line of Credit,CF + Instrument CCF,Loss Rate Curve,,TRUE,TRUE,,9000,,,0,9100,0.06,FALSE,10,0.1,,,,2016-05-30,Loss Rate Case 01,2021-09-30,,0.3,Bullet,Fixed,0.03,Bullet,Individually Evaluated,USD
166,Line of Credit,CF + Instrument UGD,Loss Rate Curve,,,TRUE,,9000,,0,8000,1100,0.06,FALSE,10,0.1,2,,,2016-05-30,Loss Rate Case 01,2021-09-30,0.8,,Bullet,Fixed,0.03,Bullet,Individually Evaluated,USD
167,Line of Credit,CF + Instrument CCF,Loss Rate Curve,,TRUE,,,9000,,10000,0,11000,0.06,FALSE,10,0.1,3,,,2016-05-30,Loss Rate Case 01,2021-09-30,,0.3,Bullet,Fixed,0.03,Bullet,Individually Evaluated,USD
168,Line of Credit,CF + Instrument UGD,Loss Rate Curve,,,,,9000,,,10000,0,0.06,FALSE,10,0.1,,,,2016-05-30,Loss Rate Case 01,2021-09-30,0.8,,Bullet,Fixed,0.03,Bullet,Individually Evaluated,USD
169,Line of Credit,CF + Instrument CCF,Loss Rate Curve,,TRUE,TRUE,,9000,,,-1000,9100,0.06,FALSE,10,0.1,2,,,2016-05-30,Loss Rate Case 01,2021-09-30,,0.3,Bullet,Fixed,0.03,Bullet,Collectively Evaluated,USD
170,Line of Credit,CF + Instrument UGD,Loss Rate Curve,,,TRUE,,9000,10000,,8000,1100,0.06,FALSE,10,0.1,3,,,2016-05-30,Loss Rate Case 01,2021-09-30,0.8,,Bullet,Fixed,0.03,Bullet,Collectively Evaluated,USD
171,Line of Credit,CF + Instrument CCF,Loss Rate Curve,,TRUE,,,9000,10000,1000,8000,1100,0.06,FALSE,10,0.1,,,,2016-05-30,Loss Rate Case 01,2021-09-30,,0.3,Bullet,Fixed,0.03,Bullet,Collectively Evaluated,USD
172,Line of Credit,CF + Instrument UGD,Loss Rate Curve,,,,,,10000,,8000,2100,0.06,FALSE,10,0.1,2,,,2016-05-30,Loss Rate Case 01,2021-09-30,0.8,,Bullet,Fixed,0.03,Bullet,Collectively Evaluated,USD
173,Line of Credit,CF + Instrument CCF,Loss Rate Curve,,TRUE,TRUE,,,10000,1000,8000,1100,0.06,FALSE,10,0.1,3,,,2016-05-30,Loss Rate Case 01,2021-09-30,,0.3,Bullet,Fixed,0.03,Bullet,Collectively Evaluated,USD
174,Line of Credit,CF + Instrument UGD,Loss Rate Curve,,,TRUE,,,10000,1000,8000,1100,0.06,FALSE,10,0.1,,,,2016-05-30,Loss Rate Case 01,2021-09-30,0.8,,Bullet,Fixed,0.03,Bullet,Individually Evaluated,USD
175,Line of Credit,CF + Instrument CCF,Loss Rate Curve,,TRUE,,,,10000,0,8000,0,0.06,FALSE,10,0.1,2,,,2016-05-30,Loss Rate Case 01,2021-09-30,,0.3,Bullet,Fixed,0.03,Bullet,Individually Evaluated,USD
176,Line of Credit,CF + Instrument UGD,Loss Rate Curve,,,,,9000,10000,1000,,1100,0.06,FALSE,10,0.1,3,,,2016-05-30,Loss Rate Case 01,2021-09-30,0.8,,Bullet,Fixed,0.03,Bullet,Individually Evaluated,USD
177,Line of Credit,CF + Instrument CCF,Loss Rate Curve,,TRUE,TRUE,,9000,10000,-1000,,0,0.06,FALSE,10,0.1,,,,2016-05-30,Loss Rate Case 01,2021-09-30,,0.3,Bullet,Fixed,0.03,Bullet,Individually Evaluated,USD
